,allele,read,sample,reads,totalreads,%totalreads,%top10reads,%readsfilteredfor>1%,%readsfilteredfor>10%,chr,locusID,coordinates,alignment_query,alignment_midline,alignment_hit,allele_type,allele_specs,inferred_genotype
0,KE4-1-C02_1,R1+R2,KE4-1-C02,82,144,56.94,82.0,88.17,100.0,Homo sapiens chromosome 6,ref|NC_000006.12|,35602016-35602190,    query  ACTTAAACTGGAGCTCTGACTTATTGTTCTCTTACTGCCCTAGAGCAATTTTGTTT------------------------------------------------------------------------------------GGGGGGAAAAAAGGAAAGAGAGTGCACAGCAGTAA,           ||||||||||||||||||||||||||||||||||||||||||||||||||||||||                                                                                    |||||||||||||||||||||||||||||||||||,reference  ACTTAAACTGGAGCTCTGACTTATTGTTCTCTTACTGCCCTAGAGCAATTTTGTTTTGAAGAGCACAGAACACCCTGTTCTGAATGTGGCTGGCACATGAACTCGATGTGCTGACAGCAATTTGTACTCCGATTAAAATAGGGGGGAAAAAAGGAAAGAGAGTGCACAGCAGTAA,mutant,"likely deletion, 84 bp",|homozygous| deletion (delta/delta)
1,KE4-1-C02_2,R1+R2,KE4-1-C02,8,144,5.56,8.0,8.6,None,Homo sapiens chromosome 6,ref|NC_000006.12|,35602016-35602044,    query  ACTTAAACTGGAGCTCTGACTTATTGTTC,           |||||||||||||||||||||||||||||,reference  ACTTAAACTGGAGCTCTGACTTATTGTTC,wild-type,,|homozygous| deletion (delta/delta)
2,KE4-1-C02_3,R1+R2,KE4-1-C02,3,144,2.08,3.0,3.23,None,Homo sapiens chromosome 6,ref|NC_000006.12|,35602044-35602016,    query  GAACAATAAGTCAGAGCTCCAGTTTAAGT,           |||||||||||||||||||||||||||||,reference  GAACAATAAGTCAGAGCTCCAGTTTAAGT,wild-type,,|homozygous| deletion (delta/delta)
3,KE4-1-C02_4,R1+R2,KE4-1-C02,1,144,0.69,1.0,None,None,Homo sapiens chromosome 10,ref|NC_000010.11|,90921451-90921625,    query  ATGCCCTACATATCACACCCCCAGTAATATCTTTCTGATAAGCAGACTTATCAACACTTCACTTAGGGGAAACTTGTCCCAGGACATCCTATTCCCTGGGTAAACAGCCTGAGGGGAAGGGATCTGGGCCCTAAAGGCACTTGTCTATATCTGTTTGGAATTCTTTGGAGTGATG,           |||||||||||||||||||||||||||||||||||||||||||||||||||||||||||||||||||||||||||||||||||||||||||||||||||||||||||||||||||||||||||||||||||||||||||||||||||||||||||||||||||||||||||||||,reference  ATGCCCTACATATCACACCCCCAGTAATATCTTTCTGATAAGCAGACTTATCAACACTTCACTTAGGGGAAACTTGTCCCAGGACATCCTATTCCCTGGGTAAACAGCCTGAGGGGAAGGGATCTGGGCCCTAAAGGCACTTGTCTATATCTGTTTGGAATTCTTTGGAGTGATG,wild-type,,|homozygous| deletion (delta/delta)
4,KE4-1-C02_5,R1+R2,KE4-1-C02,1,144,0.69,1.0,None,None,Homo sapiens chromosome 6,ref|NC_000006.12|,35602016-35602190,    query  ACTTAAACTGGAGCTCTGACTTATTGTTCTCTTACTGCCCTAGAGCAATTTTGTTT------------------------------------------------------------------------------------GGGGGGAAAAAAGGAAAGAGAGTGCACAGAAGTAA,           ||||||||||||||||||||||||||||||||||||||||||||||||||||||||                                                                                    ||||||||||||||||||||||||||||| |||||,reference  ACTTAAACTGGAGCTCTGACTTATTGTTCTCTTACTGCCCTAGAGCAATTTTGTTTTGAAGAGCACAGAACACCCTGTTCTGAATGTGGCTGGCACATGAACTCGATGTGCTGACAGCAATTTGTACTCCGATTAAAATAGGGGGGAAAAAAGGAAAGAGAGTGCACAGCAGTAA,mutant,"likely deletion, 84 bp",|homozygous| deletion (delta/delta)
5,KE4-1-C02_6,R1+R2,KE4-1-C02,1,144,0.69,1.0,None,None,Homo sapiens chromosome 6,ref|NC_000006.12|,35602016-35602191,    query  ACTTAAACTGGAGCTCTGACTTATTGTTCTCTTACTGCCCTAGAGCAATTTTGTTT------------------------------------------------------------------------------------GGGGGGAAAAAAGGAAAGAGAGTGCACAGCAGTAAC,           ||||||||||||||||||||||||||||||||||||||||||||||||||||||||                                                                                    ||||||||||||||||||||||||||||||||||||,reference  ACTTAAACTGGAGCTCTGACTTATTGTTCTCTTACTGCCCTAGAGCAATTTTGTTTTGAAGAGCACAGAACACCCTGTTCTGAATGTGGCTGGCACATGAACTCGATGTGCTGACAGCAATTTGTACTCCGATTAAAATAGGGGGGAAAAAAGGAAAGAGAGTGCACAGCAGTAAC,mutant,"likely deletion, 84 bp",|homozygous| deletion (delta/delta)
6,KE4-1-C02_7,R1+R2,KE4-1-C02,1,144,0.69,1.0,None,None,Homo sapiens chromosome 6,ref|NC_000006.12|,35602016-35602190,    query  ACTTAAACTGGAGCTCTGACTTATTGTTCTCTTACTGCCCTAGAGCAATTTTGTTT------------------------------------------------------------------------------------GGGGGGAAAAAAGGAAAGAGAGTGCACAGCAGTAA,           ||||||||||||||||||||||||||||||||||||||||||||||||||||||||                                                                                    |||||||||||||||||||||||||||||||||||,reference  ACTTAAACTGGAGCTCTGACTTATTGTTCTCTTACTGCCCTAGAGCAATTTTGTTTTGAAGAGCACAGAACACCCTGTTCTGAATGTGGCTGGCACATGAACTCGATGTGCTGACAGCAATTTGTACTCCGATTAAAATAGGGGGGAAAAAAGGAAAGAGAGTGCACAGCAGTAA,mutant,"likely deletion, 84 bp",|homozygous| deletion (delta/delta)
7,KE4-1-C02_8,R1+R2,KE4-1-C02,1,144,0.69,1.0,None,None,Homo sapiens chromosome 6,ref|NC_000006.12|,35602016-35602190,    query  ACTTAAACTGGAGCTCTGAC-TATTGTTCTCTTACTGCCCTAGAGCAATTTTGTTT------------------------------------------------------------------------------------GGGGGGAAAAAAGGAAAGAGAGTGCACAGCAGTAA,           |||||||||||||||||||| |||||||||||||||||||||||||||||||||||                                                                                    |||||||||||||||||||||||||||||||||||,reference  ACTTAAACTGGAGCTCTGACTTATTGTTCTCTTACTGCCCTAGAGCAATTTTGTTTTGAAGAGCACAGAACACCCTGTTCTGAATGTGGCTGGCACATGAACTCGATGTGCTGACAGCAATTTGTACTCCGATTAAAATAGGGGGGAAAAAAGGAAAGAGAGTGCACAGCAGTAA,mutant,"likely deletion, 85 bp",|homozygous| deletion (delta/delta)
8,KE4-2-A01_1,R1+R2,KE4-2-A01,195,435,44.83,51.86,53.28,58.21,Homo sapiens chromosome 6,ref|NC_000006.12|,35602016-35602190,    query  ACTTAAACTGGAGCTCTGACTTATTGTTCTCTTACTGCCCTAGAGCAATTTTGTTTTGAAGAGCACAGAACACCCTGTTCTGAATGTGGCTGGCACATGAACTCGATGTGCTGACAGCAATTTGTACTCCGATTAAAATAGGGGGGAAAAAAGGAAAGAGAGTGCACAGCAGTAA,           |||||||||||||||||||||||||||||||||||||||||||||||||||||||||||||||||||||||||||||||||||||||||||||||||||||||||||||||||||||||||||||||||||||||||||||||||||||||||||||||||||||||||||||||,reference  ACTTAAACTGGAGCTCTGACTTATTGTTCTCTTACTGCCCTAGAGCAATTTTGTTTTGAAGAGCACAGAACACCCTGTTCTGAATGTGGCTGGCACATGAACTCGATGTGCTGACAGCAATTTGTACTCCGATTAAAATAGGGGGGAAAAAAGGAAAGAGAGTGCACAGCAGTAA,wild-type,,|heterozygous| deletion + wild-type (delta/wt)
9,KE4-2-A01_2,R1+R2,KE4-2-A01,140,435,32.18,37.23,38.25,41.79,Homo sapiens chromosome 6,ref|NC_000006.12|,35602016-35602190,    query  ACTTAAACTGGAGCTCTGACTTATTGTTCTCTTACTGCCCTAGAGCAATTTTGTTTTGAAGAGCACAGAACACCCTGTT-T---TGTGGCTGGCACATGAACTCGATGTGCTGACAGCAATTTGTACTCCGATTAAAATAGGGGGGAAAAAAGGAAAGAGAGTGCACAGCAGTAA,           ||||||||||||||||||||||||||||||||||||||||||||||||||||||||||||||||||||||||||||||| |   |||||||||||||||||||||||||||||||||||||||||||||||||||||||||||||||||||||||||||||||||||||||||||,reference  ACTTAAACTGGAGCTCTGACTTATTGTTCTCTTACTGCCCTAGAGCAATTTTGTTTTGAAGAGCACAGAACACCCTGTTCTGAATGTGGCTGGCACATGAACTCGATGTGCTGACAGCAATTTGTACTCCGATTAAAATAGGGGGGAAAAAAGGAAAGAGAGTGCACAGCAGTAA,mutant,"likely deletion, 4 bp",|heterozygous| deletion + wild-type (delta/wt)
10,KE4-2-A01_3,R1+R2,KE4-2-A01,15,435,3.45,3.99,4.1,None,Homo sapiens chromosome 6,ref|NC_000006.12|,35602016-35602044,    query  ACTTAAACTGGAGCTCTGACTTATTGTTC,           |||||||||||||||||||||||||||||,reference  ACTTAAACTGGAGCTCTGACTTATTGTTC,wild-type,,|heterozygous| deletion + wild-type (delta/wt)
11,KE4-2-A01_4,R1+R2,KE4-2-A01,11,435,2.53,2.93,3.01,None,Homo sapiens chromosome 6,ref|NC_000006.12|,35602016-35602046,    query  ACTTAAACTGGAGCTCTGACTTATTGTTCTC,           |||||||||||||||||||||||||||||||,reference  ACTTAAACTGGAGCTCTGACTTATTGTTCTC,wild-type,,|heterozygous| deletion + wild-type (delta/wt)
12,KE4-2-A01_5,R1+R2,KE4-2-A01,5,435,1.15,1.33,1.37,None,Homo sapiens chromosome 6,ref|NC_000006.12|,35602016-35602190,    query  ACTTAAACTGGAGCTCTGAC-TATTGTTCTCTTACTGCCCTAGAGCAATTTTGTTTTGAAGAGCACAGAACACCCTGTT-T---TGTGGCTGGCACATGAACTCGATGTGCTGACAGCAATTTGTACTCCGATTAAAATAGGGGGGAAAAAAGGAAAGAGAGTGCACAGCAGTAA,           |||||||||||||||||||| |||||||||||||||||||||||||||||||||||||||||||||||||||||||||| |   |||||||||||||||||||||||||||||||||||||||||||||||||||||||||||||||||||||||||||||||||||||||||||,reference  ACTTAAACTGGAGCTCTGACTTATTGTTCTCTTACTGCCCTAGAGCAATTTTGTTTTGAAGAGCACAGAACACCCTGTTCTGAATGTGGCTGGCACATGAACTCGATGTGCTGACAGCAATTTGTACTCCGATTAAAATAGGGGGGAAAAAAGGAAAGAGAGTGCACAGCAGTAA,mutant,"likely deletion, 5 bp",|heterozygous| deletion + wild-type (delta/wt)
13,KE4-2-A01_6,R1+R2,KE4-2-A01,4,435,0.92,1.06,None,None,Homo sapiens chromosome 6,ref|NC_000006.12|,35602016-35602190,    query  ACTTAAACTGGAGCTCTGAC-TATTGTTCTCTTACTGCCCTAGAGCAATTTTGTTTTGAAGAGCACAGAACACCCTGTTCTGAATGTGGCTGGCACATGAACTCGATGTGCTGACAGCAATTTGTACTCCGATTAAAATAGGGGGGAAAAAAGGAAAGAGAGTGCACAGCAGTAA,           |||||||||||||||||||| ||||||||||||||||||||||||||||||||||||||||||||||||||||||||||||||||||||||||||||||||||||||||||||||||||||||||||||||||||||||||||||||||||||||||||||||||||||||||||,reference  ACTTAAACTGGAGCTCTGACTTATTGTTCTCTTACTGCCCTAGAGCAATTTTGTTTTGAAGAGCACAGAACACCCTGTTCTGAATGTGGCTGGCACATGAACTCGATGTGCTGACAGCAATTTGTACTCCGATTAAAATAGGGGGGAAAAAAGGAAAGAGAGTGCACAGCAGTAA,mutant,"likely deletion, 1 bp",|heterozygous| deletion + wild-type (delta/wt)
14,KE4-2-A01_7,R1+R2,KE4-2-A01,2,435,0.46,0.53,None,None,Homo sapiens chromosome 6,ref|NC_000006.12|,35602016-35602190,    query  ACTTAAACTGGAGCTCTGACTTATTGTTCTCTTACTGCCCTAGAGCAATTTTGTTTTGAAGAGCACAGAACACCCTGTT-T---TGTGGCTGGCACATGAACTCGATGTGCTGACAGCAATTTGTACTCCGATTAAAATAGGGGGGAAAAAAGGAAAGAGAGTGCA-AGCAGTAA,           ||||||||||||||||||||||||||||||||||||||||||||||||||||||||||||||||||||||||||||||| |   |||||||||||||||||||||||||||||||||||||||||||||||||||||||||||||||||||||||||||||||||| ||||||||,reference  ACTTAAACTGGAGCTCTGACTTATTGTTCTCTTACTGCCCTAGAGCAATTTTGTTTTGAAGAGCACAGAACACCCTGTTCTGAATGTGGCTGGCACATGAACTCGATGTGCTGACAGCAATTTGTACTCCGATTAAAATAGGGGGGAAAAAAGGAAAGAGAGTGCACAGCAGTAA,mutant,"likely deletion, 5 bp",|heterozygous| deletion + wild-type (delta/wt)
15,KE4-2-A01_8,R1+R2,KE4-2-A01,2,435,0.46,0.53,None,None,Homo sapiens chromosome 6,ref|NC_000006.12|,35602019-35602190,    query  TAAACTGGAGCTCTGACTTATTGTTCTCTTACTGCCCTAGAGCAATTTTGTTTTGAAGAGCACAGAACACCCTGTTCTGAATGTGGCTGGCACATGAACTCGATGTGCTGACAGCAATTTGTACTCCGATTAAAATAGGGGGGAAAAAAGGAAAGAGAGTGCACAGCAGTAA,           ||||||||||||||||||||||||||||||||||||||||||||||||||||||||||||||||||||||||||||||||||||||||||||||||||||||||||||||||||||||||||||||||||||||||||||||||||||||||||||||||||||||||||||,reference  TAAACTGGAGCTCTGACTTATTGTTCTCTTACTGCCCTAGAGCAATTTTGTTTTGAAGAGCACAGAACACCCTGTTCTGAATGTGGCTGGCACATGAACTCGATGTGCTGACAGCAATTTGTACTCCGATTAAAATAGGGGGGAAAAAAGGAAAGAGAGTGCACAGCAGTAA,wild-type,,|heterozygous| deletion + wild-type (delta/wt)
16,KE4-2-A01_9,R1+R2,KE4-2-A01,1,435,0.23,0.27,None,None,Homo sapiens chromosome 6,ref|NC_000006.12|,35602016-35602190,    query  ACTTAAACTGGAGCTCTGACTTATTGTTCTCTTACTGCCCTAGAGCAATTTTGTTTTTAAGAGCACAGAACACCCTGTT-T---TGTGGCTGGCACATGAACTCGATGTGCTGACAGCAATTTGTACTCCGATTAAAATAGGGGGGAAAAAAGGAAAGAGAGTGCACAGCAGTAA,           ||||||||||||||||||||||||||||||||||||||||||||||||||||||||| ||||||||||||||||||||| |   |||||||||||||||||||||||||||||||||||||||||||||||||||||||||||||||||||||||||||||||||||||||||||,reference  ACTTAAACTGGAGCTCTGACTTATTGTTCTCTTACTGCCCTAGAGCAATTTTGTTTTGAAGAGCACAGAACACCCTGTTCTGAATGTGGCTGGCACATGAACTCGATGTGCTGACAGCAATTTGTACTCCGATTAAAATAGGGGGGAAAAAAGGAAAGAGAGTGCACAGCAGTAA,mutant,"likely deletion, 4 bp",|heterozygous| deletion + wild-type (delta/wt)
17,KE4-2-A01_10,R1+R2,KE4-2-A01,1,435,0.23,0.27,None,None,Homo sapiens chromosome 6,ref|NC_000006.12|,35602016-35602190,    query  ACTTAAACTGGAGCTCTGACTTATTGTTCTCTTACTGCCCTAGAGCAATTTTGTTTTGAAGAGCACAGAACACCCTGTTCTGAATGTGGCTGGCACATGAACTCGATGTGCTGACAGCAATTTGTACTCCGATTAAAATAGGGGGGAAAAAAGGAAAGAGAGTGCACAGAAGTAA,           ||||||||||||||||||||||||||||||||||||||||||||||||||||||||||||||||||||||||||||||||||||||||||||||||||||||||||||||||||||||||||||||||||||||||||||||||||||||||||||||||||||||||| |||||,reference  ACTTAAACTGGAGCTCTGACTTATTGTTCTCTTACTGCCCTAGAGCAATTTTGTTTTGAAGAGCACAGAACACCCTGTTCTGAATGTGGCTGGCACATGAACTCGATGTGCTGACAGCAATTTGTACTCCGATTAAAATAGGGGGGAAAAAAGGAAAGAGAGTGCACAGCAGTAA,mutant,likely substitution,|heterozygous| deletion + wild-type (delta/wt)
18,KE4-4-G02_1,R1+R2,KE4-4-G02,443,996,44.48,51.75,53.31,54.89,Homo sapiens chromosome 6,ref|NC_000006.12|,35602016-35602190,    query  ACTTAAACTGGAGCTCTGACTTATTGTTCTCTTACTGCCCTAGAGCAATTTTGTTTTGAAGAGCACAGAACACCCTGTT----ATGTGGCTGGCACATGAACTCGATGTGCTGACAGCAATTTGTACTCCGATTAAAATAGGGGGGAAAAAAGGAAAGAGAGTGCACAGCAGTAA,           |||||||||||||||||||||||||||||||||||||||||||||||||||||||||||||||||||||||||||||||    ||||||||||||||||||||||||||||||||||||||||||||||||||||||||||||||||||||||||||||||||||||||||||||,reference  ACTTAAACTGGAGCTCTGACTTATTGTTCTCTTACTGCCCTAGAGCAATTTTGTTTTGAAGAGCACAGAACACCCTGTTCTGAATGTGGCTGGCACATGAACTCGATGTGCTGACAGCAATTTGTACTCCGATTAAAATAGGGGGGAAAAAAGGAAAGAGAGTGCACAGCAGTAA,mutant,"likely deletion, 4 bp",|heterozygous| deletion1 + deletion2 (del1/del2)
19,KE4-4-G02_2,R1+R2,KE4-4-G02,364,996,36.55,42.52,43.8,45.11,Homo sapiens chromosome 6,ref|NC_000006.12|,35602016-35602190,    query  ACTTAAACTGGAGCTCTGACTTATTGTTCTCTTACTGCCCTAGAGCAATTTTGTTTTGAAGAGCACAGAACACCCTG--CTGAATGTGGCTGGCACATGAACTCGATGTGCTGACAGCAATTTGTACTCCGATTAAAATAGGGGGGAAAAAAGGAAAGAGAGTGCACAGCAGTAA,           |||||||||||||||||||||||||||||||||||||||||||||||||||||||||||||||||||||||||||||  ||||||||||||||||||||||||||||||||||||||||||||||||||||||||||||||||||||||||||||||||||||||||||||||||,reference  ACTTAAACTGGAGCTCTGACTTATTGTTCTCTTACTGCCCTAGAGCAATTTTGTTTTGAAGAGCACAGAACACCCTGTTCTGAATGTGGCTGGCACATGAACTCGATGTGCTGACAGCAATTTGTACTCCGATTAAAATAGGGGGGAAAAAAGGAAAGAGAGTGCACAGCAGTAA,mutant,"likely deletion, 2 bp",|heterozygous| deletion1 + deletion2 (del1/del2)
20,KE4-4-G02_3,R1+R2,KE4-4-G02,13,996,1.31,1.52,1.56,None,Homo sapiens chromosome 6,ref|NC_000006.12|,35602016-35602190,    query  ACTTAAACTGGAGCTCTGAC-TATTGTTCTCTTACTGCCCTAGAGCAATTTTGTTTTGAAGAGCACAGAACACCCTG--CTGAATGTGGCTGGCACATGAACTCGATGTGCTGACAGCAATTTGTACTCCGATTAAAATAGGGGGGAAAAAAGGAAAGAGAGTGCACAGCAGTAA,           |||||||||||||||||||| ||||||||||||||||||||||||||||||||||||||||||||||||||||||||  ||||||||||||||||||||||||||||||||||||||||||||||||||||||||||||||||||||||||||||||||||||||||||||||||,reference  ACTTAAACTGGAGCTCTGACTTATTGTTCTCTTACTGCCCTAGAGCAATTTTGTTTTGAAGAGCACAGAACACCCTGTTCTGAATGTGGCTGGCACATGAACTCGATGTGCTGACAGCAATTTGTACTCCGATTAAAATAGGGGGGAAAAAAGGAAAGAGAGTGCACAGCAGTAA,mutant,"likely deletion, 3 bp",|heterozygous| deletion1 + deletion2 (del1/del2)
21,KE4-4-G02_4,R1+R2,KE4-4-G02,11,996,1.1,1.29,1.32,None,Homo sapiens chromosome 6,ref|NC_000006.12|,35602016-35602190,    query  ACTTAAACTGGAGCTCTGAC-TATTGTTCTCTTACTGCCCTAGAGCAATTTTGTTTTGAAGAGCACAGAACACCCTGTT----ATGTGGCTGGCACATGAACTCGATGTGCTGACAGCAATTTGTACTCCGATTAAAATAGGGGGGAAAAAAGGAAAGAGAGTGCACAGCAGTAA,           |||||||||||||||||||| ||||||||||||||||||||||||||||||||||||||||||||||||||||||||||    ||||||||||||||||||||||||||||||||||||||||||||||||||||||||||||||||||||||||||||||||||||||||||||,reference  ACTTAAACTGGAGCTCTGACTTATTGTTCTCTTACTGCCCTAGAGCAATTTTGTTTTGAAGAGCACAGAACACCCTGTTCTGAATGTGGCTGGCACATGAACTCGATGTGCTGACAGCAATTTGTACTCCGATTAAAATAGGGGGGAAAAAAGGAAAGAGAGTGCACAGCAGTAA,mutant,"likely deletion, 5 bp",|heterozygous| deletion1 + deletion2 (del1/del2)
22,KE4-4-G02_5,R1+R2,KE4-4-G02,7,996,0.7,0.82,None,None,Homo sapiens chromosome 6,ref|NC_000006.12|,35602016-35602190,    query  ACTTAAACTGGAGCTCTGACTTATTGTTCTCTTACTGCCCTAGAGCAATTTTGTTTTGAAGAGCACAGAACACCCTGTTCTGAATGTGGCTGGCACATGAACTCGATGTGCTGACAGCAATTTGTACTCCGATTAAAATAGGGGGGAAAAAAGGAAAGAGAGTGCACAGCAGTAA,           |||||||||||||||||||||||||||||||||||||||||||||||||||||||||||||||||||||||||||||||||||||||||||||||||||||||||||||||||||||||||||||||||||||||||||||||||||||||||||||||||||||||||||||||,reference  ACTTAAACTGGAGCTCTGACTTATTGTTCTCTTACTGCCCTAGAGCAATTTTGTTTTGAAGAGCACAGAACACCCTGTTCTGAATGTGGCTGGCACATGAACTCGATGTGCTGACAGCAATTTGTACTCCGATTAAAATAGGGGGGAAAAAAGGAAAGAGAGTGCACAGCAGTAA,wild-type,,|heterozygous| deletion1 + deletion2 (del1/del2)
23,KE4-4-G02_6,R1+R2,KE4-4-G02,5,996,0.5,0.58,None,None,Homo sapiens chromosome 6,ref|NC_000006.12|,35602190-35602016,    query  TTACTGCTGTGCACTCTCTTTCCTTTTTTCCCCCCTATTTTAATCGGAGTACAAATTGCTGTCAGCACATCGAGTTCATGTGCCAGCCACATTCAG--CAGGGTGTTCTGTGCTCTTCAAAACAAAATTGCTCTAGGGCAGTAAGAGAACAATAAGTCAGAGCTCCAGTTTAAGT,           ||||||||||||||||||||||||||||||||||||||||||||||||||||||||||||||||||||||||||||||||||||||||||||||||  |||||||||||||||||||||||||||||||||||||||||||||||||||||||||||||||||||||||||||||,reference  TTACTGCTGTGCACTCTCTTTCCTTTTTTCCCCCCTATTTTAATCGGAGTACAAATTGCTGTCAGCACATCGAGTTCATGTGCCAGCCACATTCAGAACAGGGTGTTCTGTGCTCTTCAAAACAAAATTGCTCTAGGGCAGTAAGAGAACAATAAGTCAGAGCTCCAGTTTAAGT,mutant,"likely deletion, 2 bp",|heterozygous| deletion1 + deletion2 (del1/del2)
24,KE4-4-G02_7,R1+R2,KE4-4-G02,4,996,0.4,0.47,None,None,Homo sapiens chromosome 6,ref|NC_000006.12|,35602016-35602190,    query  ACTTAAACTGGAGCTC-GACTTATTGTTCTCTTACTGCCCTAGAGCAATTTTGTTTTGAAGAGCACAGAACACCCTGTT----ATGTGGCTGGCACATGAACTCGATGTGCTGACAGCAATTTGTACTCCGATTAAAATAGGGGGGAAAAAAGGAAAGAGAGTGCACAGCAGTAA,           |||||||||||||||| ||||||||||||||||||||||||||||||||||||||||||||||||||||||||||||||    ||||||||||||||||||||||||||||||||||||||||||||||||||||||||||||||||||||||||||||||||||||||||||||,reference  ACTTAAACTGGAGCTCTGACTTATTGTTCTCTTACTGCCCTAGAGCAATTTTGTTTTGAAGAGCACAGAACACCCTGTTCTGAATGTGGCTGGCACATGAACTCGATGTGCTGACAGCAATTTGTACTCCGATTAAAATAGGGGGGAAAAAAGGAAAGAGAGTGCACAGCAGTAA,mutant,"likely deletion, 5 bp",|heterozygous| deletion1 + deletion2 (del1/del2)
25,KE4-4-G02_8,R1+R2,KE4-4-G02,3,996,0.3,0.35,None,None,Homo sapiens chromosome 6,ref|NC_000006.12|,35602016-35602190,    query  ACTTAAACTGGAGCTCTGACTTATTGTTCTCTTACTGCCCTAGAGCAATTTTGTTTTGAAGAGCACAGAACACCCTGTT----ATGTGGCTGGCACATGAACTCGATGTGCTGACAGCAATTTGTACTCCGATTAAAATAGGGGGGAAAAAAGGAAAGAGAG-GCACAGCAGTAA,           |||||||||||||||||||||||||||||||||||||||||||||||||||||||||||||||||||||||||||||||    ||||||||||||||||||||||||||||||||||||||||||||||||||||||||||||||||||||||||||||||| ||||||||||||,reference  ACTTAAACTGGAGCTCTGACTTATTGTTCTCTTACTGCCCTAGAGCAATTTTGTTTTGAAGAGCACAGAACACCCTGTTCTGAATGTGGCTGGCACATGAACTCGATGTGCTGACAGCAATTTGTACTCCGATTAAAATAGGGGGGAAAAAAGGAAAGAGAGTGCACAGCAGTAA,mutant,"likely deletion, 5 bp",|heterozygous| deletion1 + deletion2 (del1/del2)
26,KE4-4-G02_9,R1+R2,KE4-4-G02,3,996,0.3,0.35,None,None,Homo sapiens chromosome 6,ref|NC_000006.12|,35602016-35602190,    query  ACTTAAACTGGAGCTCTGACTTATTGTTCTCTTACTGCCCTAGAGCAATTTTGTTTTGAAGAGCACAGAACACCCTG--CTGAATGTGGCTGGCACATGAACTCGATGTACTGACAGCAATTTGTACTCCGATTAAAATAGGGGGGAAAAAAGGAAAGAGAGTGCACAGCAGTAA,           |||||||||||||||||||||||||||||||||||||||||||||||||||||||||||||||||||||||||||||  |||||||||||||||||||||||||||||| |||||||||||||||||||||||||||||||||||||||||||||||||||||||||||||||||,reference  ACTTAAACTGGAGCTCTGACTTATTGTTCTCTTACTGCCCTAGAGCAATTTTGTTTTGAAGAGCACAGAACACCCTGTTCTGAATGTGGCTGGCACATGAACTCGATGTGCTGACAGCAATTTGTACTCCGATTAAAATAGGGGGGAAAAAAGGAAAGAGAGTGCACAGCAGTAA,mutant,"likely deletion, 2 bp",|heterozygous| deletion1 + deletion2 (del1/del2)
27,KE4-4-G02_10,R1+R2,KE4-4-G02,3,996,0.3,0.35,None,None,Homo sapiens chromosome 6,ref|NC_000006.12|,35602016-35602190,    query  ACTTAAACTGGAGCTC-GACTTATTGTTCTCTTACTGCCCTAGAGCAATTTTGTTTTGAAGAGCACAGAACACCCTG--CTGAATGTGGCTGGCACATGAACTCGATGTGCTGACAGCAATTTGTACTCCGATTAAAATAGGGGGGAAAAAAGGAAAGAGAGTGCACAGCAGTAA,           |||||||||||||||| ||||||||||||||||||||||||||||||||||||||||||||||||||||||||||||  ||||||||||||||||||||||||||||||||||||||||||||||||||||||||||||||||||||||||||||||||||||||||||||||||,reference  ACTTAAACTGGAGCTCTGACTTATTGTTCTCTTACTGCCCTAGAGCAATTTTGTTTTGAAGAGCACAGAACACCCTGTTCTGAATGTGGCTGGCACATGAACTCGATGTGCTGACAGCAATTTGTACTCCGATTAAAATAGGGGGGAAAAAAGGAAAGAGAGTGCACAGCAGTAA,mutant,"likely deletion, 3 bp",|heterozygous| deletion1 + deletion2 (del1/del2)
28,KE4-4-G10_1,R1+R2,KE4-4-G10,347,806,43.05,50.0,51.64,52.5,Homo sapiens chromosome 6,ref|NC_000006.12|,35602016-35602190,    query  ACTTAAACTGGAGCTCTGACTTATTGTTCTCTTACTGCCCTAGAGCAATTTTGTTTTGAAGAGCACAGAACACCCTGTT----ATGTGGCTGGCACATGAACTCGATGTGCTGACAGCAATTTGTACTCCGATTAAAATAGGGGGGAAAAAAGGAAAGAGAGTGCACAGCAGTAA,           |||||||||||||||||||||||||||||||||||||||||||||||||||||||||||||||||||||||||||||||    ||||||||||||||||||||||||||||||||||||||||||||||||||||||||||||||||||||||||||||||||||||||||||||,reference  ACTTAAACTGGAGCTCTGACTTATTGTTCTCTTACTGCCCTAGAGCAATTTTGTTTTGAAGAGCACAGAACACCCTGTTCTGAATGTGGCTGGCACATGAACTCGATGTGCTGACAGCAATTTGTACTCCGATTAAAATAGGGGGGAAAAAAGGAAAGAGAGTGCACAGCAGTAA,mutant,"likely deletion, 4 bp",|heterozygous| deletion1 + deletion2 (del1/del2)
29,KE4-4-G10_2,R1+R2,KE4-4-G10,314,806,38.96,45.24,46.73,47.5,Homo sapiens chromosome 6,ref|NC_000006.12|,35602016-35602190,    query  ACTTAAACTGGAGCTCTGACTTATTGTTCTCTTACTGCCCTAGAGCAATTTTGTTTTGAAGAGCACAGAACACCCTG--CTGAATGTGGCTGGCACATGAACTCGATGTGCTGACAGCAATTTGTACTCCGATTAAAATAGGGGGGAAAAAAGGAAAGAGAGTGCACAGCAGTAA,           |||||||||||||||||||||||||||||||||||||||||||||||||||||||||||||||||||||||||||||  ||||||||||||||||||||||||||||||||||||||||||||||||||||||||||||||||||||||||||||||||||||||||||||||||,reference  ACTTAAACTGGAGCTCTGACTTATTGTTCTCTTACTGCCCTAGAGCAATTTTGTTTTGAAGAGCACAGAACACCCTGTTCTGAATGTGGCTGGCACATGAACTCGATGTGCTGACAGCAATTTGTACTCCGATTAAAATAGGGGGGAAAAAAGGAAAGAGAGTGCACAGCAGTAA,mutant,"likely deletion, 2 bp",|heterozygous| deletion1 + deletion2 (del1/del2)
30,KE4-4-G10_3,R1+R2,KE4-4-G10,11,806,1.36,1.59,1.64,None,Homo sapiens chromosome 6,ref|NC_000006.12|,35602016-35602190,    query  ACTTAAACTGGAGCTCTGAC-TATTGTTCTCTTACTGCCCTAGAGCAATTTTGTTTTGAAGAGCACAGAACACCCTGTT----ATGTGGCTGGCACATGAACTCGATGTGCTGACAGCAATTTGTACTCCGATTAAAATAGGGGGGAAAAAAGGAAAGAGAGTGCACAGCAGTAA,           |||||||||||||||||||| ||||||||||||||||||||||||||||||||||||||||||||||||||||||||||    ||||||||||||||||||||||||||||||||||||||||||||||||||||||||||||||||||||||||||||||||||||||||||||,reference  ACTTAAACTGGAGCTCTGACTTATTGTTCTCTTACTGCCCTAGAGCAATTTTGTTTTGAAGAGCACAGAACACCCTGTTCTGAATGTGGCTGGCACATGAACTCGATGTGCTGACAGCAATTTGTACTCCGATTAAAATAGGGGGGAAAAAAGGAAAGAGAGTGCACAGCAGTAA,mutant,"likely deletion, 5 bp",|heterozygous| deletion1 + deletion2 (del1/del2)
31,KE4-4-G10_4,R1+R2,KE4-4-G10,4,806,0.5,0.58,None,None,Homo sapiens chromosome 6,ref|NC_000006.12|,35602016-35602190,    query  ACTTAAACTGGAGCTCTGAC-TATTGTTCTCTTACTGCCCTAGAGCAATTTTGTTTTGAAGAGCACAGAACACCCTG--CTGAATGTGGCTGGCACATGAACTCGATGTGCTGACAGCAATTTGTACTCCGATTAAAATAGGGGGGAAAAAAGGAAAGAGAGTGCACAGCAGTAA,           |||||||||||||||||||| ||||||||||||||||||||||||||||||||||||||||||||||||||||||||  ||||||||||||||||||||||||||||||||||||||||||||||||||||||||||||||||||||||||||||||||||||||||||||||||,reference  ACTTAAACTGGAGCTCTGACTTATTGTTCTCTTACTGCCCTAGAGCAATTTTGTTTTGAAGAGCACAGAACACCCTGTTCTGAATGTGGCTGGCACATGAACTCGATGTGCTGACAGCAATTTGTACTCCGATTAAAATAGGGGGGAAAAAAGGAAAGAGAGTGCACAGCAGTAA,mutant,"likely deletion, 3 bp",|heterozygous| deletion1 + deletion2 (del1/del2)
32,KE4-4-G10_5,R1+R2,KE4-4-G10,4,806,0.5,0.58,None,None,Homo sapiens chromosome 6,ref|NC_000006.12|,35602190-35602016,    query  TTACTGCTGTGCACTCTCTTTCCTTTTTTCCCCCCTATTTTAATCGGAGTACAAATTGCTGTCAGCACATCGAGTTCATGTGCCAGCCACATTCAG--CAGGGTGTTCTGTGCTCTTCAAAACAAAATTGCTCTAGGGCAGTAAGAGAACAATAAGTCAGAGCTCCAGTTTAAGT,           ||||||||||||||||||||||||||||||||||||||||||||||||||||||||||||||||||||||||||||||||||||||||||||||||  |||||||||||||||||||||||||||||||||||||||||||||||||||||||||||||||||||||||||||||,reference  TTACTGCTGTGCACTCTCTTTCCTTTTTTCCCCCCTATTTTAATCGGAGTACAAATTGCTGTCAGCACATCGAGTTCATGTGCCAGCCACATTCAGAACAGGGTGTTCTGTGCTCTTCAAAACAAAATTGCTCTAGGGCAGTAAGAGAACAATAAGTCAGAGCTCCAGTTTAAGT,mutant,"likely deletion, 2 bp",|heterozygous| deletion1 + deletion2 (del1/del2)
33,KE4-4-G10_6,R1+R2,KE4-4-G10,3,806,0.37,0.43,None,None,Homo sapiens chromosome 6,ref|NC_000006.12|,35602016-35602190,    query  ACTTAAACTGGAGCTCTGACTTATTGTTCTCTTACTGCCCTAGAGCAATTTTGTTTTGAAGAGCACAGAACACCCTG--CTGAATGTGGTTGGCACATGAACTCGATGTGCTGACAGCAATTTGTACTCCGATTAAAATAGGGGGGAAAAAAGGAAAGAGAGTGCACAGCAGTAA,           |||||||||||||||||||||||||||||||||||||||||||||||||||||||||||||||||||||||||||||  |||||||||| |||||||||||||||||||||||||||||||||||||||||||||||||||||||||||||||||||||||||||||||||||||,reference  ACTTAAACTGGAGCTCTGACTTATTGTTCTCTTACTGCCCTAGAGCAATTTTGTTTTGAAGAGCACAGAACACCCTGTTCTGAATGTGGCTGGCACATGAACTCGATGTGCTGACAGCAATTTGTACTCCGATTAAAATAGGGGGGAAAAAAGGAAAGAGAGTGCACAGCAGTAA,mutant,"likely deletion, 2 bp",|heterozygous| deletion1 + deletion2 (del1/del2)
34,KE4-4-G10_7,R1+R2,KE4-4-G10,3,806,0.37,0.43,None,None,Homo sapiens chromosome 6,ref|NC_000006.12|,35602016-35602190,    query  ACTTAAACTGGAGCTCTGACTTATTGTTCTCTTACTGCCCTAGAGCAATTTTGTTTTGAAGAGCACAGAACACCCTGTT----ATGTGGCTGGCACATGAACTCGATGTGCTGACAGCAATTTGTACTTCGATTAAAATAGGGGGGAAAAAAGGAAAGAGAGTGCACAGCAGTAA,           |||||||||||||||||||||||||||||||||||||||||||||||||||||||||||||||||||||||||||||||    ||||||||||||||||||||||||||||||||||||||||||||| ||||||||||||||||||||||||||||||||||||||||||||||,reference  ACTTAAACTGGAGCTCTGACTTATTGTTCTCTTACTGCCCTAGAGCAATTTTGTTTTGAAGAGCACAGAACACCCTGTTCTGAATGTGGCTGGCACATGAACTCGATGTGCTGACAGCAATTTGTACTCCGATTAAAATAGGGGGGAAAAAAGGAAAGAGAGTGCACAGCAGTAA,mutant,"likely deletion, 4 bp",|heterozygous| deletion1 + deletion2 (del1/del2)
35,KE4-4-G10_8,R1+R2,KE4-4-G10,3,806,0.37,0.43,None,None,Homo sapiens chromosome 6,ref|NC_000006.12|,35602016-35602190,    query  ACTTAAACTGGAGCTCTGACTTATTGTTCTCTTACTGCCCTAGAGCAATTTTGTTTTGAAGAGCACAGAACACCCTGTT----ATGTGGCTGGCACATGAACTCGATGTGCTGACAGCAATTTGTACTCCGATTAAAATAGGGGGGAAAAAAGGAAAGA-AGTGCACAGCAGTAA,           |||||||||||||||||||||||||||||||||||||||||||||||||||||||||||||||||||||||||||||||    |||||||||||||||||||||||||||||||||||||||||||||||||||||||||||||||||||||||||||| |||||||||||||||,reference  ACTTAAACTGGAGCTCTGACTTATTGTTCTCTTACTGCCCTAGAGCAATTTTGTTTTGAAGAGCACAGAACACCCTGTTCTGAATGTGGCTGGCACATGAACTCGATGTGCTGACAGCAATTTGTACTCCGATTAAAATAGGGGGGAAAAAAGGAAAGAGAGTGCACAGCAGTAA,mutant,"likely deletion, 5 bp",|heterozygous| deletion1 + deletion2 (del1/del2)
36,KE4-4-G10_9,R1+R2,KE4-4-G10,3,806,0.37,0.43,None,None,Homo sapiens chromosome 6,ref|NC_000006.12|,35602019-35602190,    query  TAAACTGGAGCTCTGACTTATTGTTCTCTTACTGCCCTAGAGCAATTTTGTTTTGAAGAGCACAGAACACCCTGTT----ATGTGGCTGGCACATGAACTCGATGTGCTGACAGCAATTTGTACTCCGATTAAAATAGGGGGGAAAAAAGGAAAGAGAGTGCACAGCAGTAA,           ||||||||||||||||||||||||||||||||||||||||||||||||||||||||||||||||||||||||||||    ||||||||||||||||||||||||||||||||||||||||||||||||||||||||||||||||||||||||||||||||||||||||||||,reference  TAAACTGGAGCTCTGACTTATTGTTCTCTTACTGCCCTAGAGCAATTTTGTTTTGAAGAGCACAGAACACCCTGTTCTGAATGTGGCTGGCACATGAACTCGATGTGCTGACAGCAATTTGTACTCCGATTAAAATAGGGGGGAAAAAAGGAAAGAGAGTGCACAGCAGTAA,mutant,"likely deletion, 4 bp",|heterozygous| deletion1 + deletion2 (del1/del2)
37,KE4-4-G10_10,R1+R2,KE4-4-G10,2,806,0.25,0.29,None,None,Homo sapiens chromosome 6,ref|NC_000006.12|,35602016-35602190,    query  ACTTAAACTGGAGCTCTGACTTATTGTTCTCTTACTGCCCTAGAGCAATTTTGTTTTGAAGAGCACAGAACACCCTG--CTGAATGTGTCTGGCACATGAACTCGATGTGCTGACAGCAATTTGTACTCCGATTAAAATAGGGGGGAAAAAAGGAAAGAGAGTGCACAGCAGTAA,           |||||||||||||||||||||||||||||||||||||||||||||||||||||||||||||||||||||||||||||  ||||||||| ||||||||||||||||||||||||||||||||||||||||||||||||||||||||||||||||||||||||||||||||||||||,reference  ACTTAAACTGGAGCTCTGACTTATTGTTCTCTTACTGCCCTAGAGCAATTTTGTTTTGAAGAGCACAGAACACCCTGTTCTGAATGTGGCTGGCACATGAACTCGATGTGCTGACAGCAATTTGTACTCCGATTAAAATAGGGGGGAAAAAAGGAAAGAGAGTGCACAGCAGTAA,mutant,"likely deletion, 2 bp",|heterozygous| deletion1 + deletion2 (del1/del2)
